{
  "accuracy": [
    0.10227272659540176,
    0.22727273404598236,
    0.3011363744735718,
    0.39772728085517883,
    0.5397727489471436,
    0.5965909361839294,
    0.6988636255264282,
    0.6647727489471436,
    0.6931818127632141,
    0.7727272510528564,
    0.8295454382896423,
    0.8238636255264282,
    0.8465909361839294,
    0.9034090638160706,
    0.875,
    0.8806818127632141,
    0.8920454382896423,
    0.9147727489471436,
    0.9261363744735718,
    0.9318181872367859,
    0.9034090638160706,
    0.9090909361839294,
    0.9488636255264282,
    0.9375,
    0.9488636255264282,
    0.9545454382896423,
    0.9431818127632141,
    0.9488636255264282,
    0.9545454382896423,
    0.9431818127632141,
    0.9545454382896423,
    0.9318181872367859,
    0.9602272510528564,
    0.9715909361839294,
    0.9318181872367859,
    0.9488636255264282,
    0.9545454382896423,
    0.9488636255264282,
    0.9659090638160706,
    0.9545454382896423,
    0.9602272510528564,
    0.9829545617103577,
    0.9602272510528564,
    0.9715909361839294,
    0.9886363744735718,
    0.9715909361839294,
    0.9659090638160706,
    0.9772727489471436,
    0.9659090638160706,
    0.9545454382896423,
    0.9772727489471436,
    0.9772727489471436,
    0.9772727489471436,
    0.9772727489471436,
    0.9715909361839294,
    0.9545454382896423,
    0.9772727489471436,
    0.9715909361839294,
    0.9659090638160706,
    0.9715909361839294,
    0.9886363744735718,
    0.9772727489471436,
    0.9772727489471436,
    0.9772727489471436,
    0.9772727489471436,
    0.9829545617103577,
    0.9659090638160706,
    0.9886363744735718,
    0.9715909361839294,
    0.9829545617103577,
    0.9659090638160706
  ],
  "val_accuracy": [
    0.17777778208255768,
    0.17777778208255768,
    0.17777778208255768,
    0.1111111119389534,
    0.1111111119389534,
    0.1111111119389534,
    0.1111111119389534,
    0.1111111119389534,
    0.1111111119389534,
    0.1111111119389534,
    0.1111111119389534,
    0.1111111119389534,
    0.1111111119389534,
    0.1111111119389534,
    0.1111111119389534,
    0.1111111119389534,
    0.1111111119389534,
    0.1111111119389534,
    0.1111111119389534,
    0.1111111119389534,
    0.1111111119389534,
    0.13333334028720856,
    0.17777778208255768,
    0.24444444477558136,
    0.3333333432674408,
    0.42222222685813904,
    0.4888888895511627,
    0.6222222447395325,
    0.6888889074325562,
    0.7111111283302307,
    0.7111111283302307,
    0.7555555701255798,
    0.800000011920929,
    0.800000011920929,
    0.8444444537162781,
    0.8444444537162781,
    0.8444444537162781,
    0.8444444537162781,
    0.8888888955116272,
    0.8888888955116272,
    0.8666666746139526,
    0.8666666746139526,
    0.8888888955116272,
    0.8888888955116272,
    0.8888888955116272,
    0.8888888955116272,
    0.8888888955116272,
    0.8888888955116272,
    0.8888888955116272,
    0.8888888955116272,
    0.8888888955116272,
    0.8888888955116272,
    0.8888888955116272,
    0.8888888955116272,
    0.8888888955116272,
    0.8888888955116272,
    0.8888888955116272,
    0.8888888955116272,
    0.9333333373069763,
    0.9333333373069763,
    0.9333333373069763,
    0.9333333373069763,
    0.9333333373069763,
    0.9333333373069763,
    0.9333333373069763,
    0.9333333373069763,
    0.9333333373069763,
    0.9333333373069763,
    0.9333333373069763,
    0.9333333373069763,
    0.9333333373069763
  ],
  "loss": [
    3.5343658924102783,
    2.5931360721588135,
    2.395428419113159,
    1.9569660425186157,
    1.7386353015899658,
    1.5372201204299927,
    1.3064602613449097,
    1.266298770904541,
    1.1698213815689087,
    1.0565718412399292,
    0.914623498916626,
    0.9205925464630127,
    0.8523989319801331,
    0.7445247173309326,
    0.8346418738365173,
    0.7351185083389282,
    0.7122275829315186,
    0.6502735614776611,
    0.6387389898300171,
    0.6344016790390015,
    0.671820878982544,
    0.5997453927993774,
    0.5535983443260193,
    0.5417582392692566,
    0.5808667540550232,
    0.5379916429519653,
    0.5507064461708069,
    0.5254241824150085,
    0.5307815670967102,
    0.503498911857605,
    0.511974573135376,
    0.5243527889251709,
    0.46880272030830383,
    0.456523597240448,
    0.523235559463501,
    0.5205850005149841,
    0.49597322940826416,
    0.5058233737945557,
    0.4563261866569519,
    0.48220834136009216,
    0.4882013201713562,
    0.435770720243454,
    0.43835708498954773,
    0.43668079376220703,
    0.4000154435634613,
    0.44796988368034363,
    0.4294426739215851,
    0.4158632457256317,
    0.43900859355926514,
    0.4721788465976715,
    0.4489472210407257,
    0.4016144573688507,
    0.42429450154304504,
    0.4032367765903473,
    0.4005940556526184,
    0.4746094048023224,
    0.39311787486076355,
    0.4157509505748749,
    0.4152524173259735,
    0.40642204880714417,
    0.3792076110839844,
    0.38281071186065674,
    0.3892167806625366,
    0.40146759152412415,
    0.4032352566719055,
    0.39166000485420227,
    0.3998260200023651,
    0.3804977238178253,
    0.4036126136779785,
    0.3831774592399597,
    0.4088282585144043
  ],
  "val_loss": [
    2.4651684761047363,
    2.441599130630493,
    2.42010760307312,
    2.400461435317993,
    2.3781776428222656,
    2.358464479446411,
    2.344385862350464,
    2.33024525642395,
    2.313216209411621,
    2.3026068210601807,
    2.2881174087524414,
    2.2750821113586426,
    2.259981870651245,
    2.237962245941162,
    2.2255215644836426,
    2.1889402866363525,
    2.1532294750213623,
    2.1201090812683105,
    2.0653669834136963,
    2.0340750217437744,
    1.9738106727600098,
    1.8896560668945312,
    1.8222267627716064,
    1.761691927909851,
    1.6881252527236938,
    1.5969401597976685,
    1.526244044303894,
    1.445680022239685,
    1.3337626457214355,
    1.2449945211410522,
    1.1823010444641113,
    1.0838114023208618,
    0.9959865212440491,
    0.9299657940864563,
    0.8876234889030457,
    0.8635269403457642,
    0.8459030389785767,
    0.8287970423698425,
    0.802585780620575,
    0.7792778611183167,
    0.778643012046814,
    0.7683387994766235,
    0.7464388608932495,
    0.739065408706665,
    0.7371641397476196,
    0.7292745113372803,
    0.7217428684234619,
    0.7211242914199829,
    0.7058902978897095,
    0.7019145488739014,
    0.700539767742157,
    0.701911985874176,
    0.708896815776825,
    0.7108582258224487,
    0.7052546739578247,
    0.7054305076599121,
    0.708636999130249,
    0.7125326991081238,
    0.71417236328125,
    0.7174180150032043,
    0.7202831506729126,
    0.7263292074203491,
    0.7352226972579956,
    0.7373393774032593,
    0.7377182841300964,
    0.7417833209037781,
    0.744322657585144,
    0.7411667704582214,
    0.7406662106513977,
    0.7402293086051941,
    0.7402580976486206
  ]
}